"Symbol","Name","LastSale","MarketCap","IPOyear","Sector","industry","Summary Quote"
"GOED","1847 Goedeker Inc.","7.35","$44.92M","2020","Consumer Services","Home Furnishings","https://old.nasdaq.com/symbol/goed"
"XXII","22nd Century Group, Inc","0.6164","$85.59M","n/a","Consumer Non-Durables","Farming/Seeds/Milling","https://old.nasdaq.com/symbol/xxii"
"FAX","Aberdeen Asia-Pacific Income Fund Inc","4.19","$1.04B","1986","n/a","n/a","https://old.nasdaq.com/symbol/fax"
"IAF","Aberdeen Australia Equity Fund Inc","4.86","$110.53M","n/a","n/a","n/a","https://old.nasdaq.com/symbol/iaf"
"AEF","Aberdeen Emerging Markets Equity Income Fund, Inc.","6.78","$344.1M","n/a","n/a","n/a","https://old.nasdaq.com/symbol/aef"
"FCO","Aberdeen Global Income Fund, Inc.","7.01","$61.16M","1992","n/a","n/a","https://old.nasdaq.com/symbol/fco"
"ACU","Acme United Corporation.","23.24","$77.54M","1988","Capital Goods","Industrial Machinery/Components","https://old.nasdaq.com/symbol/acu"
"ATNM","Actinium Pharmaceuticals, Inc.","8","$108.68M","n/a","Health Care","Major Pharmaceuticals","https://old.nasdaq.com/symbol/atnm"
"AE","Adams Resources & Energy, Inc.","21.65","$91.85M","n/a","Energy","Oil Refining/Marketing","https://old.nasdaq.com/symbol/ae"
"ACY","AeroCentury Corp.","2.35","$3.63M","n/a","Technology","Diversified Commercial Services","https://old.nasdaq.com/symbol/acy"
"UAVS","AgEagle Aerial Systems, Inc.","3.04","$173.99M","n/a","Capital Goods","Aerospace","https://old.nasdaq.com/symbol/uavs"
"AGE","AgeX Therapeutics, Inc.","0.8498","$32.03M","2018","Health Care","Major Pharmaceuticals","https://old.nasdaq.com/symbol/age"
"AIRI","Air Industries Group","1.14","$34.91M","n/a","Capital Goods","Military/Government/Technical","https://old.nasdaq.com/symbol/airi"
"AXU","Alexco Resource Corp","2.95","$403.59M","n/a","Basic Industries","Precious Metals","https://old.nasdaq.com/symbol/axu"
"AAU","Almaden Minerals, Ltd.","0.6886","$82.88M","2015","Basic Industries","Precious Metals","https://old.nasdaq.com/symbol/aau"
"APT","Alpha Pro Tech, Ltd.","13.43","$182.48M","n/a","Health Care","Industrial Specialties","https://old.nasdaq.com/symbol/apt"
"AAMC","Altisource Asset Management Corp","21.9564","$35.84M","n/a","Finance","Real Estate","https://old.nasdaq.com/symbol/aamc"
"AMBO","Ambow Education Holding Ltd.","2.18","$47.5M","n/a","Consumer Services","Other Consumer Services","https://old.nasdaq.com/symbol/ambo"
"DIT","AMCON Distributing Company","71.26","$40.25M","n/a","Consumer Non-Durables","Food Distributors","https://old.nasdaq.com/symbol/dit"
"AMS","American Shared Hospital Services","2.09","$11.89M","n/a","Health Care","Medical Specialities","https://old.nasdaq.com/symbol/ams"
"USAS","Americas Gold and Silver Corporation","2.88","$305.31M","2017","Basic Industries","Precious Metals","https://old.nasdaq.com/symbol/usas"
"AMPE","Ampio Pharmaceuticals, Inc.","0.7028","$124.07M","n/a","Health Care","Major Pharmaceuticals","https://old.nasdaq.com/symbol/ampe"
"ANVS","Annovis Bio, Inc.","4.9","$33.65M","2020","Health Care","Major Pharmaceuticals","https://old.nasdaq.com/symbol/anvs"
"ARMP","Armata Pharmaceuticals, Inc.","3.04","$56.75M","n/a","Health Care","Biotechnology: Biological Products (No Diagnostic Substances)","https://old.nasdaq.com/symbol/armp"
"AINC","Ashford Inc.","6.83","$17.15M","2014","Consumer Services","Professional Services","https://old.nasdaq.com/symbol/ainc"
"AUG","Auryn Resources Inc.","2.15","$231.37M","n/a","Basic Industries","Precious Metals","https://old.nasdaq.com/symbol/aug"
"AWX","Avalon Holdings Corporation","1.57","$6.08M","n/a","Public Utilities","Environmental Services","https://old.nasdaq.com/symbol/awx"
"ASM","Avino Silver","1.15","$100.3M","n/a","Basic Industries","Precious Metals","https://old.nasdaq.com/symbol/asm"
"BTG","B2Gold Corp","6.55","$6.85B","n/a","Basic Industries","Precious Metals","https://old.nasdaq.com/symbol/btg"
"BTN","Ballantyne Strong, Inc","1.62","$23.96M","n/a","Miscellaneous","Industrial Machinery/Components","https://old.nasdaq.com/symbol/btn"
"BCV","Bancroft Fund Limited","26.86","$143.78M","n/a","n/a","n/a","https://old.nasdaq.com/symbol/bcv"
"BCV^A","Bancroft Fund Limited","25.9143","n/a","n/a","n/a","n/a","https://old.nasdaq.com/symbol/bcv^a"
"BHB","Bar Harbor Bankshares, Inc.","20.61","$310.88M","n/a","Finance","Major Banks","https://old.nasdaq.com/symbol/bhb"
"BRN","Barnwell Industries, Inc.","0.815","$6.75M","n/a","Energy","Oil & Gas Production","https://old.nasdaq.com/symbol/brn"
"BATL","Battalion Oil Corporation","8.52","$138.06M","n/a","Energy","Oil & Gas Production","https://old.nasdaq.com/symbol/batl"
"BIOX","Bioceres Crop Solutions Corp.","5.66","$218.99M","2018","Basic Industries","Agricultural Chemicals","https://old.nasdaq.com/symbol/biox"
"PHGE","BiomX Inc.","5.91","$136.79M","2019","Health Care","Biotechnology: Biological Products (No Diagnostic Substances)","https://old.nasdaq.com/symbol/phge"
"PHGE.U","BiomX Inc.","n/a","n/a","2018","n/a","n/a","https://old.nasdaq.com/symbol/phge.u"
"PHGE.WS","BiomX Inc.","n/a","n/a","n/a","n/a","n/a","https://old.nasdaq.com/symbol/phge.ws"
"BGI","Birks Group Inc.","0.7138","$12.83M","n/a","Consumer Services","Consumer Specialties","https://old.nasdaq.com/symbol/bgi"
"BKTI","BK Technologies Corporation","2.9367","$36.69M","n/a","Technology","Radio And Television Broadcasting And Communications Equipment","https://old.nasdaq.com/symbol/bkti"
"BDR","Blonder Tongue Laboratories, Inc.","0.87","$8.5M","n/a","Technology","Radio And Television Broadcasting And Communications Equipment","https://old.nasdaq.com/symbol/bdr"
"BRBS","Blue Ridge Bankshares, Inc.","13.83","$79.09M","n/a","Finance","Major Banks","https://old.nasdaq.com/symbol/brbs"
"BRG","Bluerock Residential Growth REIT, Inc.","7.59","$187.44M","2014","Consumer Services","Real Estate Investment Trusts","https://old.nasdaq.com/symbol/brg"
"BRG^A","Bluerock Residential Growth REIT, Inc.","25.05","n/a","n/a","n/a","n/a","https://old.nasdaq.com/symbol/brg^a"
"BRG^C","Bluerock Residential Growth REIT, Inc.","25","n/a","n/a","n/a","n/a","https://old.nasdaq.com/symbol/brg^c"
"BRG^D","Bluerock Residential Growth REIT, Inc.","23.72","n/a","n/a","n/a","n/a","https://old.nasdaq.com/symbol/brg^d"
"DMF","BNY Mellon Municipal Income Inc.","8.5327","$177.04M","1988","n/a","n/a","https://old.nasdaq.com/symbol/dmf"
"BWL.A","Bowl America, Inc.","n/a","n/a","n/a","n/a","n/a","https://old.nasdaq.com/symbol/bwl.a"
"BRMK.WS","Broadmark Realty Capital Inc.","n/a","n/a","n/a","n/a","n/a","https://old.nasdaq.com/symbol/brmk.ws"
"CMCL","Caledonia Mining Corporation Plc","17.6","$208.05M","n/a","Basic Industries","Precious Metals","https://old.nasdaq.com/symbol/cmcl"
"CEI","Camber Energy, Inc.","0.5049","$9.94M","n/a","Energy","Oil & Gas Production","https://old.nasdaq.com/symbol/cei"
"CANF","Can-Fite Biopharma Ltd","1.92","$29.59M","n/a","Health Care","Major Pharmaceuticals","https://old.nasdaq.com/symbol/canf"
"YCBD","cbdMD, Inc.","2.52","$131.31M","2017","Consumer Non-Durables","Package Goods/Cosmetics","https://old.nasdaq.com/symbol/ycbd"
"YCBD^A","cbdMD, Inc.","8.6","n/a","n/a","n/a","n/a","https://old.nasdaq.com/symbol/ycbd^a"
"CVM","Cel-Sci Corporation","13.88","$536.1M","n/a","Health Care","Biotechnology: Biological Products (No Diagnostic Substances)","https://old.nasdaq.com/symbol/cvm"
"CET","Central Securities Corporation","29.95","$772.32M","n/a","n/a","n/a","https://old.nasdaq.com/symbol/cet"
"LEU","Centrus Energy Corp.","10.84","$128.48M","2014","Basic Industries","Mining & Quarrying of Nonmetallic Minerals (No Fuels)","https://old.nasdaq.com/symbol/leu"
"CHAQ","Chardan Healthcare Acquisition 2 Corp.","9.8","$105.63M","2020","Finance","Business Services","https://old.nasdaq.com/symbol/chaq"
"CHAQ.U","Chardan Healthcare Acquisition 2 Corp.","n/a","n/a","2020","n/a","n/a","https://old.nasdaq.com/symbol/chaq.u"
"CHAQ.WS","Chardan Healthcare Acquisition 2 Corp.","n/a","n/a","n/a","n/a","n/a","https://old.nasdaq.com/symbol/chaq.ws"
"CCF","Chase Corporation","101.88","$962.02M","n/a","Consumer Durables","Building Products","https://old.nasdaq.com/symbol/ccf"
"CQP","Cheniere Energy Partners, LP","35.63","$17.25B","2007","Public Utilities","Oil/Gas Transmission","https://old.nasdaq.com/symbol/cqp"
"LNG","Cheniere Energy, Inc.","54.28","$13.69B","n/a","Public Utilities","Oil/Gas Transmission","https://old.nasdaq.com/symbol/lng"
"CVR","Chicago Rivet & Machine Co.","20.03","$19.35M","n/a","Technology","Industrial Machinery/Components","https://old.nasdaq.com/symbol/cvr"
"CPHI","China Pharma Holdings, Inc.","0.329","$14.34M","n/a","Health Care","Major Pharmaceuticals","https://old.nasdaq.com/symbol/cphi"
"CKX","CKX Lands, Inc.","10.09","$19.6M","n/a","Energy","Oil & Gas Production","https://old.nasdaq.com/symbol/ckx"
"GLV","Clough Global Dividend and Income Fund","9.86","$82.9M","2004","n/a","n/a","https://old.nasdaq.com/symbol/glv"
"GLQ","Clough Global Equity Fund","12.12","$160.36M","2005","n/a","n/a","https://old.nasdaq.com/symbol/glq"
"GLO","Clough Global Opportunities Fund","9.74","$313.87M","2006","n/a","n/a","https://old.nasdaq.com/symbol/glo"
"COHN","Cohen & Company Inc.","18.96","$23.64M","n/a","Finance","Investment Bankers/Brokers/Service","https://old.nasdaq.com/symbol/cohn"
"CIX","CompX International Inc.","13.6","$169.34M","1998","Capital Goods","Industrial Machinery/Components","https://old.nasdaq.com/symbol/cix"
"LODE","Comstock Mining, Inc.","1.1","$35.57M","n/a","Basic Industries","Precious Metals","https://old.nasdaq.com/symbol/lode"
"CDOR","Condor Hospitality Trust, Inc.","4.6","$55.25M","n/a","Consumer Services","Real Estate Investment Trusts","https://old.nasdaq.com/symbol/cdor"
"MCF","Contango Oil & Gas Company","1.57","$208.87M","n/a","Energy","Oil & Gas Production","https://old.nasdaq.com/symbol/mcf"
"CMT","Core Molding Technologies Inc","7.58","$64.44M","n/a","Consumer Non-Durables","Plastic Products","https://old.nasdaq.com/symbol/cmt"
"CRMD","CorMedix Inc.","4.28","$133.7M","n/a","Health Care","Major Pharmaceuticals","https://old.nasdaq.com/symbol/crmd"
"CRF","Cornerstone Strategic Return Fund, Inc. (The)","11.3","$454.67M","n/a","n/a","n/a","https://old.nasdaq.com/symbol/crf"
"CLM","Cornerstone Strategic Value Fund, Inc.","11.46","$872.35M","1987","n/a","n/a","https://old.nasdaq.com/symbol/clm"
"CVU","CPI Aerostructures, Inc.","2.5","$29.69M","n/a","Capital Goods","Military/Government/Technical","https://old.nasdaq.com/symbol/cvu"
"CIK","Credit Suisse Asset Management Income Fund, Inc.","2.87","$150.12M","n/a","n/a","n/a","https://old.nasdaq.com/symbol/cik"
"DHY","Credit Suisse High Yield Bond Fund","2.12","$219.44M","1998","n/a","n/a","https://old.nasdaq.com/symbol/dhy"
"CRHM","CRH Medical Corporation","2.44","$174.47M","2015","Health Care","Medical/Nursing Services","https://old.nasdaq.com/symbol/crhm"
"CTO","CTO Realty Growth, Inc.","42.75","$201.57M","n/a","Finance","Real Estate","https://old.nasdaq.com/symbol/cto"
"CTEK","CynergisTek, Inc.","1.35","$14.31M","2017","Miscellaneous","Business Services","https://old.nasdaq.com/symbol/ctek"
"DXR","Daxor Corporation","15.66","$62.85M","n/a","Health Care","Medical/Dental Instruments","https://old.nasdaq.com/symbol/dxr"
"VCF","Delaware Investments Colorado Municipal Income Fund, Inc","13.85","$66.99M","1993","n/a","n/a","https://old.nasdaq.com/symbol/vcf"
"VFL","Delaware Investments Florida Insured Municipal Income Fund","12.63","$57.19M","1993","n/a","n/a","https://old.nasdaq.com/symbol/vfl"
"VMM","Delaware Investments Minnesota Municipal Income Fund II, Inc.","13.1502","$151.29M","1993","n/a","n/a","https://old.nasdaq.com/symbol/vmm"
"DLA","Delta Apparel, Inc.","15.17","$104.52M","n/a","Consumer Non-Durables","Apparel","https://old.nasdaq.com/symbol/dla"
"DNN","Denison Mine Corp","0.554","$346.84M","n/a","Basic Industries","Precious Metals","https://old.nasdaq.com/symbol/dnn"
"DSS","Document Security Systems, Inc.","6.6","$33.76M","n/a","Consumer Durables","Containers/Packaging","https://old.nasdaq.com/symbol/dss"
"DPW","DPW Holdings, Inc.","1.7","$19.5M","n/a","Capital Goods","Industrial Machinery/Components","https://old.nasdaq.com/symbol/dpw"
"DXF","Dunxin Financial Holdings Limited","0.7052","$14.71M","n/a","Finance","Finance: Consumer Services","https://old.nasdaq.com/symbol/dxf"
"GRF","Eagle Capital Growth Fund, Inc.","7.26","$29.58M","n/a","n/a","n/a","https://old.nasdaq.com/symbol/grf"
"EVM","Eaton Vance California Municipal Bond Fund","11.63","$290.68M","2002","n/a","n/a","https://old.nasdaq.com/symbol/evm"
"CEV","Eaton Vance California Municipal Income Trust","13.44","$95.88M","1999","n/a","n/a","https://old.nasdaq.com/symbol/cev"
"EVV","Eaton Vance Limited Duration Income Fund","11.95","$1.39B","2003","n/a","n/a","https://old.nasdaq.com/symbol/evv"
"EIM","Eaton Vance Municipal Bond Fund","13.09","$941.87M","2002","n/a","n/a","https://old.nasdaq.com/symbol/eim"
"ENX","Eaton Vance New York Municipal Bond Fund","11.9","$215.61M","2002","n/a","n/a","https://old.nasdaq.com/symbol/enx"
"EVY","Eaton Vance New York Municipal Income Trust","13.04","$70.44M","1999","n/a","n/a","https://old.nasdaq.com/symbol/evy"
"ELMD","Electromed, Inc.","12.25","$105.21M","2011","Health Care","Biotechnology: Electromedical & Electrotherapeutic Apparatus","https://old.nasdaq.com/symbol/elmd"
"ELLO","Ellomay Capital Ltd.","28.8","$351.19M","n/a","Public Utilities","Electric Utilities: Central","https://old.nasdaq.com/symbol/ello"
"ECF","Ellsworth Growth and Income Fund Ltd.","12.43","$164.14M","1986","n/a","n/a","https://old.nasdaq.com/symbol/ecf"
"ECF^A","Ellsworth Growth and Income Fund Ltd.","26.1999","n/a","n/a","n/a","n/a","https://old.nasdaq.com/symbol/ecf^a"
"EMAN","eMagin Corporation","1.38","$92.99M","n/a","Technology","Semiconductors","https://old.nasdaq.com/symbol/eman"
"MSN","Emerson Radio Corporation","0.7156","$15.06M","n/a","Consumer Non-Durables","Consumer Electronics/Appliances","https://old.nasdaq.com/symbol/msn"
"EMX","EMX Royalty Corporation","3.06","$258.05M","n/a","Basic Industries","Precious Metals","https://old.nasdaq.com/symbol/emx"
"UUUU","Energy Fuels Inc","1.92","$241.08M","n/a","Basic Industries","Mining & Quarrying of Nonmetallic Minerals (No Fuels)","https://old.nasdaq.com/symbol/uuuu"
"UUUU.WS","Energy Fuels Inc","n/a","n/a","n/a","n/a","n/a","https://old.nasdaq.com/symbol/uuuu.ws"
"ENSV","ENSERVCO Corporation","0.1336","$7.35M","n/a","Energy","Oilfield Services/Equipment","https://old.nasdaq.com/symbol/ensv"
"ELA","Envela Corporation","3.36","$90.47M","n/a","Consumer Services","Consumer Specialties","https://old.nasdaq.com/symbol/ela"
"EQX","Equinox Gold Corp.","12.98","$3.13B","n/a","Basic Industries","Precious Metals","https://old.nasdaq.com/symbol/eqx"
"ESP","Espey Mfg. & Electronics Corp.","16.8873","$40.57M","n/a","Capital Goods","Industrial Machinery/Components","https://old.nasdaq.com/symbol/esp"
"EVBN","Evans Bancorp, Inc.","22.96","$123.45M","n/a","Finance","Major Banks","https://old.nasdaq.com/symbol/evbn"
"EVI","EVI Industries, Inc.","24.97","$297.5M","n/a","Consumer Services","Other Consumer Services","https://old.nasdaq.com/symbol/evi"
"EPM","Evolution Petroleum Corporation, Inc.","2.86","$94.26M","n/a","Energy","Oil & Gas Production","https://old.nasdaq.com/symbol/epm"
"FEN","First Trust Energy Income and Growth Fund","9.8","$196.2M","2004","n/a","n/a","https://old.nasdaq.com/symbol/fen"
"BDL","Flanigan&#39;s Enterprises, Inc.","16.9187","$31.45M","n/a","Consumer Services","Restaurants","https://old.nasdaq.com/symbol/bdl"
"FSI","Flexible Solutions International Inc.","2.85","$34.89M","n/a","Basic Industries","Major Chemicals","https://old.nasdaq.com/symbol/fsi"
"FTF","Franklin Limited Duration Income Trust","8.97","$270.35M","2003","n/a","n/a","https://old.nasdaq.com/symbol/ftf"
"FSP","Franklin Street Properties Corp.","4.53","$486.2M","n/a","Consumer Services","Real Estate Investment Trusts","https://old.nasdaq.com/symbol/fsp"
"FRD","Friedman Industries Inc.","6.46","$45.74M","n/a","Capital Goods","Steel/Iron Ore","https://old.nasdaq.com/symbol/frd"
"FTSI","FTS International, Inc.","4.89","$26.31M","2018","Energy","Oilfield Services/Equipment","https://old.nasdaq.com/symbol/ftsi"
"GAU","Galiano Gold Inc.","1.48","$330.33M","n/a","Basic Industries","Mining & Quarrying of Nonmetallic Minerals (No Fuels)","https://old.nasdaq.com/symbol/gau"
"GGN","GAMCO Global Gold, Natural Reources & Income Trust ","3.67","$606.71M","2005","n/a","n/a","https://old.nasdaq.com/symbol/ggn"
"GGN^B","GAMCO Global Gold, Natural Reources & Income Trust ","25.55","n/a","n/a","n/a","n/a","https://old.nasdaq.com/symbol/ggn^b"
"JOB","GEE Group Inc.","1.23","$21.73M","n/a","Technology","Diversified Commercial Services","https://old.nasdaq.com/symbol/job"
"GMO","General Moly, Inc","0.1167","$17.85M","n/a","Basic Industries","Precious Metals","https://old.nasdaq.com/symbol/gmo"
"GSAT","Globalstar, Inc.","0.3284","$548.54M","2006","Consumer Services","Telecommunications Equipment","https://old.nasdaq.com/symbol/gsat"
"GORO","Gold Resource Corporation","3.91","$274M","n/a","Basic Industries","Precious Metals","https://old.nasdaq.com/symbol/goro"
"GSV","Gold Standard Ventures Corporation","0.8472","$254.19M","n/a","Basic Industries","Mining & Quarrying of Nonmetallic Minerals (No Fuels)","https://old.nasdaq.com/symbol/gsv"
"AUMN","Golden Minerals Company","0.4466","$66.42M","n/a","Basic Industries","Precious Metals","https://old.nasdaq.com/symbol/aumn"
"GSS","Golden Star Resources, Ltd","4.5","$494.84M","n/a","Basic Industries","Precious Metals","https://old.nasdaq.com/symbol/gss"
"GV","Goldfield Corporation (The)","4.32","$105.94M","n/a","Basic Industries","Water Supply","https://old.nasdaq.com/symbol/gv"
"GDP","Goodrich Petroleum Corporation","8.51","$107.7M","2017","Energy","Oil & Gas Production","https://old.nasdaq.com/symbol/gdp"
"GTE","Gran Tierra Energy Inc.","0.2698","$99.01M","n/a","Energy","Oil & Gas Production","https://old.nasdaq.com/symbol/gte"
"GPL","Great Panther Mining Limited","0.9599","$338.93M","n/a","Basic Industries","Precious Metals","https://old.nasdaq.com/symbol/gpl"
"SIM","Grupo Simec, S.A. de C.V.","6.0301","$931.47M","1993","Basic Industries","Steel/Iron Ore","https://old.nasdaq.com/symbol/sim"
"AIM","Hemispherx BioPharma, Inc.","2.03","$80.57M","n/a","Health Care","Biotechnology: Biological Products (No Diagnostic Substances)","https://old.nasdaq.com/symbol/aim"
"HLM^","Hillman Group Capital Trust","29.47","n/a","n/a","n/a","n/a","https://old.nasdaq.com/symbol/hlm^"
"HMG","HMG/Courtland Properties, Inc.","10.51","$10.59M","n/a","Consumer Services","Real Estate Investment Trusts","https://old.nasdaq.com/symbol/hmg"
"HUSA","Houston American Energy Corporation","1.21","$8.42M","n/a","Energy","Oil & Gas Production","https://old.nasdaq.com/symbol/husa"
"HWM^","Howmet Aerospace Inc.","69.5833","n/a","n/a","n/a","n/a","https://old.nasdaq.com/symbol/hwm^"
"IBIO","iBio, Inc.","2.01","$350.57M","n/a","Health Care","Major Pharmaceuticals","https://old.nasdaq.com/symbol/ibio"
"IBO","IBO (Listing Market - NYSE Amex Network B F)","24.84","n/a","n/a","n/a","n/a","https://old.nasdaq.com/symbol/ibo"
"IMH","Impac Mortgage Holdings, Inc.","1.6","$33.97M","1997","Consumer Services","Real Estate Investment Trusts","https://old.nasdaq.com/symbol/imh"
"IMO","Imperial Oil Limited","16","$11.75B","n/a","Energy","Integrated oil Companies","https://old.nasdaq.com/symbol/imo"
"IOR","Income Opportunity Realty Investors, Inc.","11.9441","$49.79M","n/a","Consumer Services","Real Estate Investment Trusts","https://old.nasdaq.com/symbol/ior"
"IGC","India Globalization Capital Inc.","1.07","$44.08M","n/a","Technology","Electronic Components","https://old.nasdaq.com/symbol/igc"
"INDO","Indonesia Energy Corporation Limited","4.29","$31.78M","2019","Energy","Oil & Gas Production","https://old.nasdaq.com/symbol/indo"
"INFU","InfuSystems Holdings, Inc.","14.02","$283.17M","n/a","Health Care","Medical/Dental Instruments","https://old.nasdaq.com/symbol/infu"
"IHT","InnSuites Hospitality Trust","1.16","$10.61M","n/a","Consumer Services","Real Estate Investment Trusts","https://old.nasdaq.com/symbol/iht"
"NSPR","InspireMD Inc.","0.3807","$12.7M","n/a","Health Care","Medical/Dental Instruments","https://old.nasdaq.com/symbol/nspr"
"NSPR.WS","InspireMD Inc.","n/a","n/a","n/a","n/a","n/a","https://old.nasdaq.com/symbol/nspr.ws"
"NSPR.WS.B","InspireMD Inc.","n/a","n/a","n/a","n/a","n/a","https://old.nasdaq.com/symbol/nspr.ws.b"
"ITRG","Integra Resources Corp.","3.76","$179.82M","n/a","Basic Industries","Precious Metals","https://old.nasdaq.com/symbol/itrg"
"INS","Intelligent Systems Corporation","38.67","$345.13M","1992","Technology","Computer Software: Prepackaged Software","https://old.nasdaq.com/symbol/ins"
"THM","International Tower Hill Mines Ltd","1.39","$260.73M","n/a","Basic Industries","Precious Metals","https://old.nasdaq.com/symbol/thm"
"INTT","inTest Corporation","4.84","$50.53M","1997","Capital Goods","Electrical Products","https://old.nasdaq.com/symbol/intt"
"INUV","Inuvo, Inc","0.39","$38.04M","n/a","Consumer Services","Advertising","https://old.nasdaq.com/symbol/inuv"
"VKI","Invesco Advantage Municipal Income Trust II","11.06","$490.97M","n/a","n/a","n/a","https://old.nasdaq.com/symbol/vki"
"ISR","IsoRay, Inc.","0.6452","$43.65M","n/a","Health Care","Medical/Dental Instruments","https://old.nasdaq.com/symbol/isr"
"ISDR","Issuer Direct Corporation","16.9","$63.11M","n/a","Miscellaneous","Publishing","https://old.nasdaq.com/symbol/isdr"
"ITP","IT Tech Packaging, Inc.","0.4227","$12.05M","n/a","Consumer Durables","Containers/Packaging","https://old.nasdaq.com/symbol/itp"
"KLR","Kaleyra, Inc.","7.55","$214.99M","2018","Technology","EDP Services","https://old.nasdaq.com/symbol/klr"
"KLR.WS","Kaleyra, Inc.","n/a","n/a","n/a","n/a","n/a","https://old.nasdaq.com/symbol/klr.ws"
"KIQ","Kelso Technologies Inc","0.589","$27.78M","n/a","Capital Goods","Railroads","https://old.nasdaq.com/symbol/kiq"
"LGL","LGL Group, Inc. (The)","8.32","$43.36M","n/a","Capital Goods","Industrial Machinery/Components","https://old.nasdaq.com/symbol/lgl"
"LCTX","Lineage Cell Therapeutics, Inc.","0.9191","$137.85M","n/a","Health Care","Biotechnology: Biological Products (No Diagnostic Substances)","https://old.nasdaq.com/symbol/lctx"
"MAG","MAG Silver Corporation","16.32","$1.53B","n/a","Basic Industries","Precious Metals","https://old.nasdaq.com/symbol/mag"
"MHH","Mastech Digital, Inc","19.52","$222.11M","n/a","Consumer Services","Professional Services","https://old.nasdaq.com/symbol/mhh"
"MTNB","Matinas Biopharma Holdings, Inc.","0.7655","$152.24M","2017","Health Care","Major Pharmaceuticals","https://old.nasdaq.com/symbol/mtnb"
"MMX","Maverix Metals Inc.","4.45","$570.21M","n/a","Basic Industries","Precious Metals","https://old.nasdaq.com/symbol/mmx"
"IPB","Merrill Lynch & Co., Inc. 6.0518% Index Plus Trust Certificate","28.9","n/a","n/a","Finance","Finance: Consumer Services","https://old.nasdaq.com/symbol/ipb"
"MTA","Metalla Royalty & Streaming Ltd.","9.07","$328.27M","n/a","Basic Industries","Precious Metals","https://old.nasdaq.com/symbol/mta"
"MXC","Mexco Energy Corporation","4.48","$9.14M","n/a","Energy","Oil & Gas Production","https://old.nasdaq.com/symbol/mxc"
"MLSS","Milestone Scientific, Inc.","1.46","$96.17M","2015","Health Care","Industrial Specialties","https://old.nasdaq.com/symbol/mlss"
"MYO","Myomo Inc.","3.79","$13.92M","2017","Health Care","Industrial Specialties","https://old.nasdaq.com/symbol/myo"
"NNVC","NanoViricides, Inc.","5.58","$59.46M","n/a","Health Care","Biotechnology: Commercial Physical & Biological Resarch","https://old.nasdaq.com/symbol/nnvc"
"ATEST","NASDAQ TEST STOCK","27.52","n/a","n/a","n/a","n/a","https://old.nasdaq.com/symbol/atest"
"ATEST.A","NASDAQ TEST STOCK","n/a","n/a","n/a","n/a","n/a","https://old.nasdaq.com/symbol/atest.a"
"ATEST.B","NASDAQ TEST STOCK","n/a","n/a","n/a","n/a","n/a","https://old.nasdaq.com/symbol/atest.b"
"ATEST.C","NASDAQ TEST STOCK","n/a","n/a","n/a","n/a","n/a","https://old.nasdaq.com/symbol/atest.c"
"NHC","National HealthCare Corporation","63.7","$978.27M","n/a","Health Care","Hospital/Nursing Management","https://old.nasdaq.com/symbol/nhc"
"NAVB","Navidea Biopharmaceuticals, Inc.","2.8","$72.37M","n/a","Health Care","Biotechnology: In Vitro & In Vivo Diagnostic Substances","https://old.nasdaq.com/symbol/navb"
"NTIP","Network-1 Technologies, Inc.","2.2273","$53.5M","n/a","Miscellaneous","Multi-Sector Companies","https://old.nasdaq.com/symbol/ntip"
"NBW","Neuberger Berman California Municipal Fund Inc","13.15","$73M","2002","n/a","n/a","https://old.nasdaq.com/symbol/nbw"
"NHS","Neuberger Berman High Yield Strategies Fund","11.28","$220.42M","n/a","n/a","n/a","https://old.nasdaq.com/symbol/nhs"
"NML","Neuberger Berman MLP and Energy Income Fund Inc.","2.67","$151.28M","2013","n/a","n/a","https://old.nasdaq.com/symbol/nml"
"NBH","Neuberger Berman Municipal Fund Inc.","15.26","$287.08M","2002","n/a","n/a","https://old.nasdaq.com/symbol/nbh"
"NBO","Neuberger Berman New York Municipal Fund Inc.","11.833","$60.08M","2002","n/a","n/a","https://old.nasdaq.com/symbol/nbo"
"NRO","Neuberger Berman Real Estate Securities Income Fund, Inc.","4.025","$190.87M","2003","n/a","n/a","https://old.nasdaq.com/symbol/nro"
"GBR","New Concept Energy, Inc","1.3703","$7.03M","n/a","Energy","Oil & Gas Production","https://old.nasdaq.com/symbol/gbr"
"NEN","New England Realty Associates Limited Partnership","47.5","$173.5M","n/a","Consumer Services","Building operators","https://old.nasdaq.com/symbol/nen"
"NGD","New Gold Inc.","1.7","$1.15B","n/a","Basic Industries","Precious Metals","https://old.nasdaq.com/symbol/ngd"
"NXE","Nexgen Energy Ltd.","1.85","$697.02M","n/a","Basic Industries","Precious Metals","https://old.nasdaq.com/symbol/nxe"
"NAK","Northern Dynasty Minerals, Ltd.","1.07","$542.06M","n/a","Basic Industries","Precious Metals","https://old.nasdaq.com/symbol/nak"
"NOG","Northern Oil and Gas, Inc.","0.654","$285.43M","n/a","Energy","Oil & Gas Production","https://old.nasdaq.com/symbol/nog"
"NBY","NovaBay Pharmaceuticals, Inc.","0.8266","$34.5M","2007","Health Care","Major Pharmaceuticals","https://old.nasdaq.com/symbol/nby"
"NG","Novagold Resources Inc.","10.58","$3.49B","n/a","Basic Industries","Precious Metals","https://old.nasdaq.com/symbol/ng"
"NTN","NTN Buzztime, Inc.","1.75","$5.16M","n/a","Consumer Services","Broadcasting","https://old.nasdaq.com/symbol/ntn"
"NES","Nuverra Environmental Solutions, Inc.","1.94","$30.6M","2017","Energy","Oilfield Services/Equipment","https://old.nasdaq.com/symbol/nes"
"OBLG","Oblong Inc.","2.09","$10.92M","n/a","Technology","Computer Software: Programming, Data Processing","https://old.nasdaq.com/symbol/oblg"
"OCX","OncoCyte Corporation","1.24","$83.39M","2015","Health Care","Biotechnology: In Vitro & In Vivo Diagnostic Substances","https://old.nasdaq.com/symbol/ocx"
"OGEN","Oragenics Inc.","0.6563","$40.04M","n/a","Health Care","Major Pharmaceuticals","https://old.nasdaq.com/symbol/ogen"
"PCG^A","Pacific Gas & Electric Co.","30.4","n/a","n/a","n/a","n/a","https://old.nasdaq.com/symbol/pcg^a"
"PCG^B","Pacific Gas & Electric Co.","27.4","n/a","n/a","n/a","n/a","https://old.nasdaq.com/symbol/pcg^b"
"PCG^C","Pacific Gas & Electric Co.","25.5","n/a","n/a","n/a","n/a","https://old.nasdaq.com/symbol/pcg^c"
"PCG^D","Pacific Gas & Electric Co.","24.84","n/a","n/a","n/a","n/a","https://old.nasdaq.com/symbol/pcg^d"
"PCG^E","Pacific Gas & Electric Co.","25.1","n/a","n/a","n/a","n/a","https://old.nasdaq.com/symbol/pcg^e"
"PCG^G","Pacific Gas & Electric Co.","24.35","n/a","n/a","n/a","n/a","https://old.nasdaq.com/symbol/pcg^g"
"PCG^H","Pacific Gas & Electric Co.","23.26","n/a","n/a","n/a","n/a","https://old.nasdaq.com/symbol/pcg^h"
"PCG^I","Pacific Gas & Electric Co.","23.7646","n/a","n/a","n/a","n/a","https://old.nasdaq.com/symbol/pcg^i"
"PTN","Palatin Technologies, Inc.","0.52","$119.21M","n/a","Health Care","Major Pharmaceuticals","https://old.nasdaq.com/symbol/ptn"
"PZG","Paramount Gold Nevada Corp.","1.13","$37.24M","2015","Basic Industries","Precious Metals","https://old.nasdaq.com/symbol/pzg"
"PRK","Park National Corporation","91.49","$1.49B","n/a","Finance","Major Banks","https://old.nasdaq.com/symbol/prk"
"PED","Pedevco Corp.","1.04","$75.01M","n/a","Energy","Oil & Gas Production","https://old.nasdaq.com/symbol/ped"
"PFNX","Pfenex Inc.","12.61","$432.48M","2014","Health Care","Major Pharmaceuticals","https://old.nasdaq.com/symbol/pfnx"
"HNW","Pioneer Diversified High Income Trust","13.72","$114.33M","2007","n/a","n/a","https://old.nasdaq.com/symbol/hnw"
"PLAG","Planet Green Holdings Corp","2.19","$24.15M","n/a","Consumer Non-Durables","Packaged Foods","https://old.nasdaq.com/symbol/plag"
"PLG","Platinum Group Metals Ltd.","2.32","$145.87M","n/a","Basic Industries","Precious Metals","https://old.nasdaq.com/symbol/plg"
"PLYM^A","Plymouth Industrial REIT, Inc.","25.9903","n/a","n/a","n/a","n/a","https://old.nasdaq.com/symbol/plym^a"
"PLM","Polymet Mining Corp.","2.9","$292.03M","n/a","Basic Industries","Precious Metals","https://old.nasdaq.com/symbol/plm"
"PW","Power REIT","21.7","$41.51M","n/a","Consumer Services","Real Estate Investment Trusts","https://old.nasdaq.com/symbol/pw"
"PW^A","Power REIT","25.88","n/a","n/a","n/a","n/a","https://old.nasdaq.com/symbol/pw^a"
"PLX","Protalix BioTherapeutics, Inc.","3.58","$116.14M","n/a","Health Care","Biotechnology: Biological Products (No Diagnostic Substances)","https://old.nasdaq.com/symbol/plx"
"PTK.U","PTK Acquisition Corp.","n/a","n/a","2020","n/a","n/a","https://old.nasdaq.com/symbol/ptk.u"
"RLGT","Radiant Logistics, Inc.","5.42","$267.72M","n/a","Transportation","Oil Refining/Marketing","https://old.nasdaq.com/symbol/rlgt"
"UTG","Reaves Utility Income Fund","31.89","$1.64B","2004","n/a","n/a","https://old.nasdaq.com/symbol/utg"
"RHE","Regional Health Properties, Inc.","1.31","$2.21M","2017","Health Care","Hospital/Nursing Management","https://old.nasdaq.com/symbol/rhe"
"RHE^A","Regional Health Properties, Inc.","2","n/a","n/a","n/a","n/a","https://old.nasdaq.com/symbol/rhe^a"
"RCG","RENN Fund, Inc.","1.29","$7.68M","n/a","n/a","n/a","https://old.nasdaq.com/symbol/rcg"
"RVP","Retractable Technologies, Inc.","5.9","$194.92M","n/a","Health Care","Medical/Dental Instruments","https://old.nasdaq.com/symbol/rvp"
"REI","Ring Energy, Inc.","0.6903","$46.93M","n/a","Energy","Oil & Gas Production","https://old.nasdaq.com/symbol/rei"
"SACC","Sachem Capital Corp.","24.89","n/a","2019","Consumer Services","Real Estate Investment Trusts","https://old.nasdaq.com/symbol/sacc"
"SACH","Sachem Capital Corp.","3.47","$76.75M","2017","Consumer Services","Real Estate Investment Trusts","https://old.nasdaq.com/symbol/sach"
"SCCB","Sachem Capital Corp.","25.25","n/a","2019","Consumer Services","Real Estate Investment Trusts","https://old.nasdaq.com/symbol/sccb"
"SNMP","Sanchez Midstream Partners LP","0.2906","$5.8M","n/a","Energy","Oil & Gas Production","https://old.nasdaq.com/symbol/snmp"
"SEB","Seaboard Corporation","2672.01","$3.1B","1996","Finance","Investment Bankers/Brokers/Service","https://old.nasdaq.com/symbol/seb"
"SENS","Senseonics Holdings, Inc.","0.4474","$104.9M","n/a","Capital Goods","Industrial Machinery/Components","https://old.nasdaq.com/symbol/sens"
"SVT","Servotronics, Inc.","8.62","$21.35M","n/a","Capital Goods","Industrial Machinery/Components","https://old.nasdaq.com/symbol/svt"
"SMTS","Sierra Metals Inc.","1.65","$268.64M","n/a","Basic Industries","Precious Metals","https://old.nasdaq.com/symbol/smts"
"SIF","SIFCO Industries, Inc.","4.01","$23.72M","n/a","Capital Goods","Aerospace","https://old.nasdaq.com/symbol/sif"
"SVM","Silvercorp Metals Inc.","8.37","$1.46B","n/a","Basic Industries","Precious Metals","https://old.nasdaq.com/symbol/svm"
"SILV","SilverCrest Metals Inc.","9.73","$1.31B","2018","Basic Industries","Precious Metals","https://old.nasdaq.com/symbol/silv"
"XPL","Solitario Zinc Corp.","0.3921","$22.79M","n/a","Basic Industries","Precious Metals","https://old.nasdaq.com/symbol/xpl"
"SCE^B","Southern California Edison Company","25.51","n/a","n/a","n/a","n/a","https://old.nasdaq.com/symbol/sce^b"
"SCE^C","Southern California Edison Company","25.87","n/a","n/a","n/a","n/a","https://old.nasdaq.com/symbol/sce^c"
"SCE^D","Southern California Edison Company","28.9532","n/a","n/a","n/a","n/a","https://old.nasdaq.com/symbol/sce^d"
"SCE^E","Southern California Edison Company","25.823","n/a","n/a","n/a","n/a","https://old.nasdaq.com/symbol/sce^e"
"LOV","Spark Networks, Inc.","4.74","$123.51M","2017","Consumer Services","Other Consumer Services","https://old.nasdaq.com/symbol/lov"
"STXS","Stereotaxis, Inc.","3.51","$257.14M","n/a","Health Care","Biotechnology: Electromedical & Electrotherapeutic Apparatus","https://old.nasdaq.com/symbol/stxs"
"SSY","SunLink Health Systems, Inc.","1.03","$7.11M","n/a","Health Care","Hospital/Nursing Management","https://old.nasdaq.com/symbol/ssy"
"SDPI","Superior Drilling Products, Inc.","0.3521","$9.02M","2014","Energy","Metal Fabrications","https://old.nasdaq.com/symbol/sdpi"
"SYN","Synthetic Biologics, Inc","0.6213","$12.08M","n/a","Health Care","Major Pharmaceuticals","https://old.nasdaq.com/symbol/syn"
"TKAT","Takung Art Co., Ltd.","0.8116","$9.15M","n/a","Consumer Services","Other Specialty Stores","https://old.nasdaq.com/symbol/tkat"
"TALO.WS","Talos Energy, Inc.","n/a","n/a","n/a","n/a","n/a","https://old.nasdaq.com/symbol/talo.ws"
"TRX","Tanzanian Gold Corporation","0.7997","$115.66M","n/a","Basic Industries","Precious Metals","https://old.nasdaq.com/symbol/trx"
"TGB","Taseko Mines Limited","0.9772","$240.58M","n/a","Basic Industries","Precious Metals","https://old.nasdaq.com/symbol/tgb"
"TGC","Tengasco, Inc.","1.005","$10.73M","n/a","Energy","Oil & Gas Production","https://old.nasdaq.com/symbol/tgc"
"GLU","The Gabelli Global Utility and Income Trust","16.28","$87.41M","2004","n/a","n/a","https://old.nasdaq.com/symbol/glu"
"GLU^A","The Gabelli Global Utility and Income Trust","46","n/a","n/a","n/a","n/a","https://old.nasdaq.com/symbol/glu^a"
"GLU^B","The Gabelli Global Utility and Income Trust","52.3","n/a","n/a","n/a","n/a","https://old.nasdaq.com/symbol/glu^b"
"GGO","The Gabelli Go Anywhere Trust","10.98","$17.02M","2016","n/a","n/a","https://old.nasdaq.com/symbol/ggo"
"GGO^A","The Gabelli Go Anywhere Trust","41.1284","n/a","n/a","n/a","n/a","https://old.nasdaq.com/symbol/ggo^a"
"TDW.WS","Tidewater Inc.","n/a","n/a","n/a","n/a","n/a","https://old.nasdaq.com/symbol/tdw.ws"
"TMBR","Timber Pharmaceuticals, Inc.","1.17","$14.08M","2015","Health Care","Major Pharmaceuticals","https://old.nasdaq.com/symbol/tmbr"
"TMP","Tompkins Financial Corporation","65.73","$980.52M","n/a","Finance","Major Banks","https://old.nasdaq.com/symbol/tmp"
"TAT","Transatlantic Petroleum Ltd","0.2305","$15.81M","n/a","Energy","Oil & Gas Production","https://old.nasdaq.com/symbol/tat"
"TRXC","TransEnterix, Inc.","0.3784","$37.79M","n/a","Health Care","Medical/Dental Instruments","https://old.nasdaq.com/symbol/trxc"
"TMQ","Trilogy Metals Inc.","2.04","$287.57M","n/a","Basic Industries","Precious Metals","https://old.nasdaq.com/symbol/tmq"
"TPHS","Trinity Place Holdings Inc.","1.46","$46.94M","n/a","Consumer Services","Building operators","https://old.nasdaq.com/symbol/tphs"
"TRT","Trio-Tech International","3.675","$13.5M","n/a","Technology","Industrial Machinery/Components","https://old.nasdaq.com/symbol/trt"
"UFAB","Unique Fabricating, Inc.","3.14","$30.71M","2015","Capital Goods","Auto Parts:O.E.M.","https://old.nasdaq.com/symbol/ufab"
"UAMY","United States Antimony Corporation","0.5036","$38.25M","n/a","Capital Goods","Metal Fabrications","https://old.nasdaq.com/symbol/uamy"
"UUU","Universal Security Instruments, Inc.","1.8","$4.16M","n/a","Technology","Electronic Components","https://old.nasdaq.com/symbol/uuu"
"URG","Ur Energy Inc","0.5976","$101.28M","n/a","Basic Industries","Precious Metals","https://old.nasdaq.com/symbol/urg"
"UEC","Uranium Energy Corp.","1.13","$208.13M","n/a","Basic Industries","Precious Metals","https://old.nasdaq.com/symbol/uec"
"VGZ","Vista Gold Corporation","1.2","$122.52M","n/a","Basic Industries","Precious Metals","https://old.nasdaq.com/symbol/vgz"
"VNRX","VolitionRX Limited","3.33","$159.57M","2015","Health Care","Biotechnology: In Vitro & In Vivo Diagnostic Substances","https://old.nasdaq.com/symbol/vnrx"
"VOLT","Volt Information Sciences, Inc.","1.155","$24.73M","n/a","Technology","Professional Services","https://old.nasdaq.com/symbol/volt"
"EAD","Wells Fargo Income Opportunities Fund","7.57","$458.92M","2003","n/a","n/a","https://old.nasdaq.com/symbol/ead"
"ERC","Wells Fargo Multi-Sector Income Fund","11.57","$348.03M","2003","n/a","n/a","https://old.nasdaq.com/symbol/erc"
"ERH","Wells Fargo Utilities and High Income Fund","12.775","$118.42M","2004","n/a","n/a","https://old.nasdaq.com/symbol/erh"
"WRN","Western Copper and Gold Corporation","1.31","$150.88M","2011","Basic Industries","Precious Metals","https://old.nasdaq.com/symbol/wrn"
"WYY","WidePoint Corporation","0.542","$45.75M","n/a","Technology","EDP Services","https://old.nasdaq.com/symbol/wyy"
"WTT","Wireless Telecom Group,  Inc.","1.29","$27.93M","n/a","Capital Goods","Electrical Products","https://old.nasdaq.com/symbol/wtt"
"XTNT","Xtant Medical Holdings, Inc.","0.8671","$11.47M","n/a","Health Care","Biotechnology: Biological Products (No Diagnostic Substances)","https://old.nasdaq.com/symbol/xtnt"
"ZDGE","Zedge, Inc.","1.41","$17.2M","2016","Technology","Computer Software: Prepackaged Software","https://old.nasdaq.com/symbol/zdge"
"ZOM","Zomedica Pharmaceuticals Corp.","0.119","$67.12M","2017","Health Care","Major Pharmaceuticals","https://old.nasdaq.com/symbol/zom"
